{
  "roomEntry": {
    "about": {
      "start": {
        "pos": {
          "x": -0.08319550489048161,
          "y": 1.9807850796601785,
          "z": 5
        },
        "rot": {
          "x": -0.3805063771123649,
          "y": 0,
          "z": 0
        }
      },
      "mid": {
        "pos": {
          "x": 2.397891,
          "y": 1.9807850796601785,
          "z": 3.291665
        },
        "rot": {
          "x": -0.3805063771123649,
          "y": -0.766699,
          "z": 0
        }
      },
      "end": {
        "pos": {
          "x": 0,
          "y": 2,
          "z": 5
        },
        "rot": {
          "x": 0,
          "y": 0,
          "z": 0
        }
      }
    },
    "projects": {
      "start": {
        "pos": {
          "x": -0.08101754878719769,
          "y": 1.9843615678851405,
          "z": 5
        },
        "rot": {
          "x": -0.3805063771123649,
          "y": 0,
          "z": 0
        }
      },
      "mid": {
        "pos": {
          "x": 2.638053,
          "y": 1.9843615678851405,
          "z": -50.387291
        },
        "rot": {
          "x": -0.3805063771123649,
          "y": -0.840601,
          "z": 0
        }
      },
      "end": {
        "pos": {
          "x": 0,
          "y": 2,
          "z": 5
        },
        "rot": {
          "x": 0,
          "y": 0,
          "z": 0
        }
      }
    },
    "services": {
      "start": {
        "pos": {
          "x": -0.08064246988846185,
          "y": 1.9849679205028852,
          "z": 5
        },
        "rot": {
          "x": -0.3805063771123649,
          "y": 0,
          "z": 0
        }
      },
      "mid": {
        "pos": {
          "x": 2.399197,
          "y": 1.9849679205028852,
          "z": -94.327484
        },
        "rot": {
          "x": -0.3805063771123649,
          "y": -0.766699,
          "z": 0
        }
      },
      "end": {
        "pos": {
          "x": 0,
          "y": 2,
          "z": 5
        },
        "rot": {
          "x": 0,
          "y": 0,
          "z": 0
        }
      }
    },
    "contact": {
      "start": {
        "pos": {
          "x": -0.0840773401072338,
          "y": 1.9793100088049254,
          "z": 5
        },
        "rot": {
          "x": -0.3805063771123649,
          "y": 0,
          "z": 0
        }
      },
      "mid": {
        "pos": {
          "x": 2.412479,
          "y": 1.9793100088049254,
          "z": -144.034856
        },
        "rot": {
          "x": -0.3805063771123649,
          "y": -0.771346,
          "z": 0
        }
      },
      "end": {
        "pos": {
          "x": 0,
          "y": 2,
          "z": 5
        },
        "rot": {
          "x": 0,
          "y": 0,
          "z": 0
        }
      }
    },
    "achievements": {
      "start": {
        "pos": {
          "x": -0.08377445121145022,
          "y": 1.9798184132422034,
          "z": 5
        },
        "rot": {
          "x": -0.3805063771123649,
          "y": 0,
          "z": 0
        }
      },
      "mid": {
        "pos": {
          "x": 2.427732,
          "y": 1.9798184132422034,
          "z": 151.478107
        },
        "rot": {
          "x": -0.3805063771123649,
          "y": -0.776011,
          "z": 0
        }
      },
      "end": {
        "pos": {
          "x": 0,
          "y": 2,
          "z": 5
        },
        "rot": {
          "x": 0,
          "y": 0,
          "z": 0
        }
      }
    },
    "case_studies": {
      "start": {
        "pos": {
          "x": -0.08526147464088742,
          "y": 1.9773048094206132,
          "z": 5
        },
        "rot": {
          "x": -0.3805063771123649,
          "y": 0,
          "z": 0
        }
      },
      "mid": {
        "pos": {
          "x": 2.665026,
          "y": 1.9773048094206132,
          "z": 111.274073
        },
        "rot": {
          "x": -0.3805063771123649,
          "y": -0.849542,
          "z": 0
        }
      },
      "end": {
        "pos": {
          "x": 0,
          "y": 2,
          "z": 5
        },
        "rot": {
          "x": 0,
          "y": 0,
          "z": 0
        }
      }
    },
    "labs": {
      "start": {
        "pos": {
          "x": -0.08504280245331976,
          "y": 1.9776772175088564,
          "z": 5
        },
        "rot": {
          "x": -0.3805063771123649,
          "y": 0,
          "z": 0
        }
      },
      "mid": {
        "pos": {
          "x": 2.650684,
          "y": 1.9776772175088564,
          "z": 56.916497
        },
        "rot": {
          "x": -0.3805063771123649,
          "y": -0.84508,
          "z": 0
        }
      },
      "end": {
        "pos": {
          "x": 0,
          "y": 2,
          "z": 5
        },
        "rot": {
          "x": 0,
          "y": 0,
          "z": 0
        }
      }
    }
  },
  "roomExit": {
    "about": {
      "start": {
        "pos": {
          "x": 0,
          "y": 2,
          "z": 5
        },
        "rot": {
          "x": 0,
          "y": 0,
          "z": 0
        }
      },
      "end": {
        "pos": {
          "x": 0.006970669309745613,
          "y": 2.049514097693742,
          "z": 5
        },
        "rot": {
          "x": -0.3805063771123649,
          "y": 0,
          "z": 0
        }
      }
    },
    "projects": {
      "start": {
        "pos": {
          "x": 0,
          "y": 2,
          "z": 5
        },
        "rot": {
          "x": 0,
          "y": 0,
          "z": 0
        }
      },
      "end": {
        "pos": {
          "x": 0.007526264679428756,
          "y": 2.049433553399752,
          "z": 5
        },
        "rot": {
          "x": -0.3805063771123649,
          "y": 0,
          "z": 0
        }
      }
    },
    "services": {
      "start": {
        "pos": {
          "x": 0,
          "y": 2,
          "z": 5
        },
        "rot": {
          "x": 0,
          "y": 0,
          "z": 0
        }
      },
      "end": {
        "pos": {
          "x": 0.008061691755973733,
          "y": 2.0493500912603166,
          "z": 5
        },
        "rot": {
          "x": -0.3805063771123649,
          "y": 0,
          "z": 0
        }
      }
    },
    "contact": {
      "start": {
        "pos": {
          "x": 0,
          "y": 2,
          "z": 5
        },
        "rot": {
          "x": 0,
          "y": 0,
          "z": 0
        }
      },
      "end": {
        "pos": {
          "x": 0.0012074817586777754,
          "y": 2.0499854198780247,
          "z": 5
        },
        "rot": {
          "x": -0.3805063771123649,
          "y": 0,
          "z": 0
        }
      }
    },
    "achievements": {
      "start": {
        "pos": {
          "x": 0,
          "y": 2,
          "z": 5
        },
        "rot": {
          "x": 0,
          "y": 0,
          "z": 0
        }
      },
      "end": {
        "pos": {
          "x": -0.0008954154933389574,
          "y": 2.0499919823109427,
          "z": 5
        },
        "rot": {
          "x": -0.3805063771123649,
          "y": 0,
          "z": 0
        }
      }
    },
    "case_studies": {
      "start": {
        "pos": {
          "x": 0,
          "y": 2,
          "z": 5
        },
        "rot": {
          "x": 0,
          "y": 0,
          "z": 0
        }
      },
      "end": {
        "pos": {
          "x": -0.0003583652560607537,
          "y": 2.0499987157434325,
          "z": 5
        },
        "rot": {
          "x": -0.3805063771123649,
          "y": 0,
          "z": 0
        }
      }
    },
    "labs": {
      "start": {
        "pos": {
          "x": 0,
          "y": 2,
          "z": 5
        },
        "rot": {
          "x": 0,
          "y": 0,
          "z": 0
        }
      },
      "end": {
        "pos": {
          "x": 0.0035779315855378603,
          "y": 2.049871984055692,
          "z": 5
        },
        "rot": {
          "x": -0.3805063771123649,